feature,mean_importance
Open Price_diff_Close Price,-0.0011607232320239413
Open Price_diff_Low Price,-0.0001682378343703217
Close Price,-1.2051897588150062e-05
Prev Close Price,0.00022895937643596653
Prev Volume,0.0005204160652385381
Volume,0.0008709196401388341
Low Price_diff_Close Price,0.007125998193331285
