feature,mean_importance
Open Price_diff_Close Price,0.0007925348311343284
Close Price,0.0023728822157174532
Open Price_diff_Low Price,0.0033584498198042435
Volume,0.00458601145017008
Prev Close Price,0.005721466208867221
Low Price_diff_Close Price,0.00988473321782768
Prev Volume,0.014778200340637548
