feature,mean_importance
Close Price,-0.00025594009576839215
Prev Close Price,-0.0001238611603737949
Open Price_diff_Low Price,0.002407571178052659
Open Price_diff_Close Price,0.002450971043885919
Prev Volume,0.00565222910113663
Volume,0.005692243315108536
Low Price_diff_Close Price,0.007893283538726693
