feature,mean_importance
Prev Close Price,-0.0006515537517459036
Open Price_diff_Low Price,5.513687058684713e-05
Close Price,0.0004946650422939403
Open Price_diff_Close Price,0.0008599963020360813
Prev Volume,0.0013765235042947133
Volume,0.0037145745197177506
Low Price_diff_Close Price,0.007449241311796029
