feature,mean_importance
Prev Close Price,0.0002949878821556284
Volume,0.0005588848003914126
Open Price_diff_Low Price,0.0006830312563053554
Open Price_diff_Close Price,0.0007130916755897721
Close Price,0.000722221851161331
Prev Volume,0.0030498189147657893
Low Price_diff_Close Price,0.007007495645008266
