feature,mean_importance
Volume,-0.0005260136171298058
Prev Volume,-8.777543388804876e-05
Prev Close Price,-3.6851545734628566e-05
Close Price,0.0006671226718693469
