feature,mean_importance
Prev Close Price,-0.00025039617388324944
Volume,-8.614264988136e-05
Close Price,0.0004118893756737796
Prev Volume,0.00045844193804553954
