feature,mean_importance
Prev Close Price,0.0023690364204350446
Close Price,0.0026719582857692046
Prev Volume,0.0036821217259402237
Volume,0.004172422405661358
