feature,mean_importance
Volume,-0.000652290473248418
Close Price,-0.00014223030129238977
Prev Close Price,0.0001863141568470672
Prev Volume,0.0008468862298385505
