feature,mean_importance
Volume,0.002118106258681518
Close Price,0.0031223329782737786
Prev Close Price,0.004390510898737765
Prev Volume,0.006646300904607339
