feature,mean_importance
Volume,0.00026782442982618
Close Price,0.0006943779635106617
Prev Volume,0.0009457827576023981
Prev Close Price,0.0014620096599790688
