feature,mean_importance
Volume,-0.0008253092151972563
Close Price,0.00026499987253589816
Prev Volume,0.00038512138474402493
Prev Close Price,0.0004735571706741437
