feature,mean_importance
Prev Close Price,0.0022774440276899675
Close Price,0.00461788757254058
Volume,0.004770917972827249
Prev Volume,0.005304141657209649
