feature,mean_importance
Volume,0.0003657179117035669
Close Price,0.002681886859742111
Prev Close Price,0.0034227735814078343
Prev Volume,0.008022716041489231
