feature,mean_importance
Volume,0.00031048776584696736
Prev Close Price,0.0009080949705115415
Close Price,0.0014620735353706893
Prev Volume,0.0019121951770379563
