feature,mean_importance
Prev Volume,5.455695762728811e-06
MA10,1.541303837505068e-05
MA20,3.27828080557843e-05
Prev Close Price,0.0012122037262532674
MA5,0.003056991445847323
High Price,0.03426123777878544
Open Price,0.03771033615528222
Low Price,0.08152222268284157
Close Price,0.5115007491590673
