feature,mean_importance
Dividend,0.00023422212048682667
Low Price,0.0016581334524867985
MA5,0.0016605375553202073
High Price,0.005072139703569301
Prev Close Price,0.005813302501021811
MA10,0.006929907309569527
Open Price,0.008380086554473132
MA20,0.011667473194239997
Close Price,0.01214466673122756
Volume,0.013167240996988582
Prev Volume,0.03190572972576613
