feature,mean_importance
Prev Close Price,2.776178612728941e-06
Close Price,7.0141182720417914e-06
Prev Volume,7.343437368212413e-06
Volume,4.8285080635057655e-05
