feature,mean_importance
Close Price,-0.0016213891308268335
Prev Volume,-0.0012164170700737164
Prev Close Price,-0.000950177820394349
Volume,-0.00034457915235082127
