feature,mean_importance
Close Price,5.113776995995245e-05
Volume,0.0004135664854989729
Prev Close Price,0.0007863043968496575
Prev Volume,0.001994128882181978
