feature,mean_importance
Volume,-0.0006481611844111779
Close Price,-0.00030867433560175515
Prev Close Price,0.0003130122687967418
Prev Volume,0.0003949581789447931
