feature,mean_importance
Volume,-2.4972679414037025e-05
Prev Close Price,0.00041752963439898314
Prev Volume,0.0007845429758448263
Close Price,0.0009088530862403799
