feature,mean_importance
Volume,0.000288182514859048
MA10,0.03747862232016377
MA20,0.07297337085815792
Open Price,0.0945656319390413
Low Price,0.09476912165024146
Prev Close Price,0.12517049662558072
High Price,0.12727135068229325
MA5,0.1769017806294678
Close Price,0.20426879627503478
