feature,mean_importance
Dividend,1.2782337941406873e-08
MA20,0.0001720944848877531
Prev Volume,0.00018929087227618577
Volume,0.0004356512677672368
Prev Close Price,0.0007690267987859389
MA5,0.0010093043799580697
MA10,0.0010099123125048817
High Price,0.033842880049217414
Low Price,0.0960646169081454
Open Price,0.19682575879985603
Close Price,0.2697090465356536
