feature,mean_importance
Volume,-0.0010474125578938897
Prev Volume,-0.0004867197664684797
Close Price,0.00015027802096183595
Prev Close Price,0.0005716459041335886
