feature,mean_importance
Volume,6.91363824885105e-05
Prev Close Price,0.0018314383369838262
Close Price,0.004602162551185063
Prev Volume,0.00687810261916455
