feature,mean_importance
Prev Close Price,-0.00026779900561750835
Prev Volume,-0.00021274958723556115
Volume,0.0009813595002835962
Close Price,0.002489311367380664
