feature,mean_importance
Volume,5.033981231439277e-05
Prev Volume,0.0005943007835541358
Prev Close Price,0.0009472170828080495
Close Price,0.002846129466437697
