feature,mean_importance
Volume,0.0001243658279847626
Prev Close Price,0.0008807396227284769
Close Price,0.00399685257989566
Prev Volume,0.0053589723791036105
