feature,mean_importance
MA5,0.0006026825581533224
Low Price,0.0006046921896219138
MA20,0.0007464435667492664
Prev Volume,0.001962347573157874
