feature,mean_importance
Low Price,0.0001467942766239405
MA20,0.0010289981291171201
Prev Volume,0.0016964206688075746
MA5,0.0017706837553002064
