feature,mean_importance
MA5,-0.0015930286209286492
MA20,-0.0007049096985415337
Prev Volume,0.0002134612309367734
Low Price,0.0015666328659527107
