feature,mean_importance
MA20,0.0030626018296744163
Low Price,0.005920370577684441
Prev Volume,0.006630733717531134
MA5,0.0104238673227939
