feature,mean_importance
MA20,0.0016524869625550887
Low Price,0.0020615499339635248
Prev Volume,0.0037533099808382264
MA5,0.004710974945129976
