feature,mean_importance
Prev Volume,7.957086120450977e-06
MA10,1.7137969931732382e-05
Prev Close Price,9.040163032999621e-05
Open Price,0.00016340081475092784
MA20,0.0004587186659011528
MA5,0.0014293667600045739
Low Price,0.02427416096972106
Close Price,0.3329530719980648
High Price,0.731416135398521
