feature,mean_importance
Prev Volume,8.956831328859466e-06
MA20,4.2036217203736925e-05
MA10,0.00029265209732893817
MA5,0.0020645673742482025
Prev Close Price,0.003637596553050438
High Price,0.03001567460002271
Open Price,0.04238456832997667
Low Price,0.04729940912277662
Close Price,0.6147920594599424
