feature,mean_importance
Dividend,2.5782737239371695e-05
Prev Volume,0.0005138324181690161
Volume,0.001308660512696108
MA10,0.04465084664656739
Prev Close Price,0.06708550310279389
MA20,0.07768459393022804
Close Price,0.09610343759886053
Low Price,0.10277150982852348
High Price,0.1285601194104569
MA5,0.16087811064170882
Open Price,0.18263246087858023
