feature,mean_importance
Dividend,1.1596672363304878e-05
Prev Volume,0.00044835914880673674
Volume,0.0008885460846804301
MA10,0.04486659832234896
Prev Close Price,0.08496997985866545
MA20,0.09611567463164246
Low Price,0.09633604021212769
High Price,0.12073811451838486
MA5,0.13823160979300025
Close Price,0.1513433153350459
Open Price,0.18110810912885705
