feature,mean_importance
Low Price,-0.0009684604739889525
Open Price,-0.0006260954213482828
Dividend,-0.00038661425174986165
MA5,-0.00022200741531983593
MA20,3.0449059184212147e-05
High Price,0.00024733124619988887
Volume,0.0005491583315954784
Close Price,0.0006065363221191778
MA10,0.0006857007335709265
Prev Close Price,0.0007452830037869784
Prev Volume,0.0029222599533035077
