feature,mean_importance
Prev Close Price,-4.500224303871647e-07
Low Price,0.0
Volume,0.0
Dividend,0.0
MA20,0.0
Prev Volume,0.0
Open Price,1.1413797849080253e-07
MA10,4.300380903599077e-07
Close Price,4.483717110037588e-07
High Price,2.8899847802854595e-06
MA5,1.8419707158678912e-05
