feature,mean_importance
Low Price,-0.0003215851483197696
MA20,-0.00028834141598903517
Prev Volume,-0.00027691749372158456
MA5,-0.00022637622913923572
