feature,mean_importance
MA20,-5.7928337652390915e-05
Low Price,-3.884917886645134e-05
Prev Volume,7.746430792079372e-05
MA5,0.000110594683931442
