feature,mean_importance
Prev Volume,-0.0002530581916253993
MA20,0.00010731451829804062
MA5,0.0015547798085500109
Low Price,0.008092045719425855
