feature,mean_importance
MA20,0.0002025490356501125
MA5,0.0002889130781169813
Prev Volume,0.00036829516196910104
Low Price,0.0004053333867025222
