feature,mean_importance
Low Price,-7.988636329492315e-06
MA20,0.00050903842483494
MA5,0.0018687183828335785
Prev Volume,0.0035602948123299115
