feature,mean_importance
Prev Close Price,0.00014675697775365926
Close Price,0.00021675858102727653
Volume,0.0003596926487541063
Prev Volume,0.0014756694821350224
