feature,mean_importance
Prev Close Price,7.36914841075631e-05
Prev Volume,0.0003452242803330563
Close Price,0.00037439063944439966
Volume,0.0006864986358549707
