feature,mean_importance
Volume,0.0007761393905203695
Close Price,0.0033683980238380373
Prev Close Price,0.004734964863346814
Prev Volume,0.007899231696353471
