feature,mean_importance
Close Price,6.250127158569097e-05
Volume,0.0006070250113677123
Prev Volume,0.0006659728283615829
Prev Close Price,0.0008181840141490149
