feature,mean_importance
Volume,-0.0005227512064900353
Prev Volume,-8.175421677041328e-05
Prev Close Price,-4.2091926985166064e-05
Close Price,0.00041459499886977726
