feature,mean_importance
Prev Close Price,0.00259203355840687
Close Price,0.0026665879002888415
Prev Volume,0.0037784039644710664
Volume,0.005844165571057247
