feature,mean_importance
Volume,-0.0001286345436787295
Prev Close Price,-9.401143007432555e-05
Close Price,0.0002854742872731908
Prev Volume,0.0006903747551612049
