feature,mean_importance
Volume,-0.0005373463009498592
Prev Close Price,-5.815093950125583e-05
Prev Volume,0.0
Close Price,0.0003885991900183905
