feature,mean_importance
Prev Close Price,0.0034573818098470044
Volume,0.0048482043913935955
Close Price,0.005504508193211377
Prev Volume,0.009184633860158508
