feature,mean_importance
Volume,-0.0007287321931926716
Close Price,7.365283121849587e-05
Prev Close Price,0.000529632700200433
Prev Volume,0.0010386085080466678
