feature,mean_importance
Volume,0.006515552071393538
MA20,0.09410788866531049
Close Price,0.12412996287190207
MA10,0.1385789420250447
Low Price,0.15905180143941577
MA5,0.17319500389447484
High Price,0.2754527499588018
Prev Close Price,0.32924963733092893
Open Price,0.39020973677142673
