feature,mean_importance
Volume,0.0023317742242763865
MA20,0.038702184910662824
Open Price,0.04258291712714975
MA5,0.06346861913947448
MA10,0.07061734074263319
High Price,0.13377285599463226
Close Price,0.1776953222023395
Low Price,0.1791460465917849
Prev Close Price,0.22557866184240205
