feature,mean_importance
Volume,0.004575132388159461
MA20,0.01716373084495674
Close Price,0.049001636823901
High Price,0.0954480239913021
MA10,0.10134047077255512
Low Price,0.11194384760330836
Prev Close Price,0.12789452164835907
Open Price,0.19992940942449253
MA5,0.2504586273917576
