feature,mean_importance
High Price,-0.0013379991950530855
MA10,-0.0011801960790386312
Volume,-0.0003998029760268196
MA5,-0.00039889242827149116
Open Price,-0.0002707524234932368
Dividend,-0.00016384953573369553
Prev Close Price,-0.00012775516125118624
Low Price,0.0001320533158586157
MA20,0.0005198066577041915
Close Price,0.001983798778455981
Prev Volume,0.0024738985108861524
