feature,mean_importance
Volume,0.0017317830863987417
Close Price,0.00618797519723171
Prev Close Price,0.009109808932340613
Prev Volume,0.015162654702093391
