feature,mean_importance
Volume,-0.0002989209859798114
Prev Close Price,0.0011365212694191885
Close Price,0.002314670435951016
Prev Volume,0.0024097027024278404
