feature,mean_importance
Prev Close Price,0.002604022793739147
Close Price,0.004211070716595611
Prev Volume,0.004290932227494104
Volume,0.004367852123200256
