feature,mean_importance
Volume,8.189381746095403e-05
Prev Volume,0.00035479706538137367
Prev Close Price,0.0005815105461808301
Close Price,0.0006089799146482777
