feature,mean_importance
Volume,-0.0007996568109569724
Close Price,0.0004726677114868849
Prev Close Price,0.0014854093943820867
Prev Volume,0.0015512386603728334
