feature,mean_importance
Prev Volume,-0.0001443883233975374
Dividend,1.3037079169109234e-06
Low Price,6.885189283003523e-05
MA20,7.80379806140763e-05
MA5,9.391846510091728e-05
Close Price,0.00010588839606509026
MA10,0.00016399162180193993
Prev Close Price,0.0001840647112139715
High Price,0.0002444282431974365
Volume,0.0003093016135853999
Open Price,0.0003211954447869925
