feature,mean_importance
Prev Close Price,0.00037912625132852096
Volume,0.0007081686234423845
Prev Volume,0.0027226635882254824
Close Price,0.002978980620954319
