feature,mean_importance
Volume,0.00016020796627231882
Prev Volume,0.0011126638371692144
Prev Close Price,0.0011345187400943369
Close Price,0.0014787685135086992
