feature,mean_importance
Volume,-0.0004543635795296819
Prev Volume,0.00022655812111846974
Prev Close Price,0.0003123143721642352
Close Price,0.0014012550083066788
