feature,mean_importance
Volume,0.0013250623681862362
Close Price,0.0035325136413152823
Prev Close Price,0.0037497422097853227
Prev Volume,0.005823295023305253
