feature,mean_importance
Dividend,0.0
Volume,6.177052823869156e-06
Prev Volume,7.231561918632796e-06
MA10,3.4850413292143205e-05
MA20,6.239834010641496e-05
MA5,9.188531362917668e-05
Prev Close Price,0.0014761051505006837
High Price,0.022442679718134174
Open Price,0.024452408325076343
Low Price,0.26286322210874885
Close Price,0.32524483464836906
