feature,mean_importance
Dividend,1.0408340855860842e-18
Prev Volume,1.262834954680785e-05
Volume,1.545326088380865e-05
MA20,4.932663476576761e-05
MA10,0.00012043014839786919
MA5,0.0002609744877053917
Prev Close Price,0.0004555006511027857
Open Price,0.0042106859674631136
Low Price,0.026761532599992338
High Price,0.046136200341265476
Close Price,0.9681095868963363
