feature,mean_importance
Prev Volume,-6.249013402699578e-06
Dividend,4.336808689942018e-20
Volume,2.394803207651959e-06
MA10,3.7358247271195195e-05
MA20,4.769110687976403e-05
MA5,5.306858540097248e-05
Prev Close Price,0.00718679137046713
High Price,0.011847469694024618
Open Price,0.06409456431379633
Low Price,0.12293731078213828
Close Price,0.43704114889358986
