feature,mean_importance
Dividend,0.0
Volume,0.00011345146664900607
MA20,0.00038562314650412153
Open Price,0.0004065435352831992
MA10,0.00047563452340881884
High Price,0.0005560149292875627
Low Price,0.0007491324412321809
MA5,0.0007895969853866757
Close Price,0.0009891146255966098
Prev Close Price,0.00103047001196499
Prev Volume,0.001921047519708985
