feature,mean_importance
Volume,0.0007083243769227512
MA20,0.07643372145822469
Open Price,0.08885041394226567
MA10,0.09156118129804768
Prev Close Price,0.12324122860000139
High Price,0.13993882981420705
MA5,0.14003540798317085
Low Price,0.14360307850294546
Close Price,0.17658508848353222
