feature,mean_importance
Volume,-0.0018749019489426421
Prev Volume,-0.0006493900426012056
MA5,-0.0004584478811122894
Prev Close Price,-1.554312234475219e-16
MA10,-8.881784197001253e-17
MA20,1.6494503581787613e-05
Dividend,7.213282062810134e-05
Open Price,0.00036980058280036145
Close Price,0.0004919997470711924
Low Price,0.00211783435070243
High Price,0.0038946381707664736
