feature,mean_importance
Prev Volume,-0.000709799043092385
MA20,0.0009005553132438004
MA5,0.0018457000677719825
Low Price,0.003017581900470945
