feature,mean_importance
MA5,-0.00044883353182669785
Low Price,0.003328225605703694
Prev Volume,0.00737260814056051
MA20,0.010532370609345088
