feature,mean_importance
MA5,-4.6728774588045144e-05
Low Price,0.0002442218500661619
Prev Volume,0.0005013130173092684
MA20,0.0006177076288625516
