feature,mean_importance
MA20,6.407629104554502e-05
Low Price,0.00020810341096517694
MA5,0.00026658571587425686
Prev Volume,0.0003666552567288095
