feature,mean_importance
Prev Volume,0.00020579862525986757
MA20,0.0015825254290891433
MA5,0.00200054050196119
Low Price,0.003072535443134594
