feature,mean_importance
Prev Volume,-1.2809383726304982e-06
MA10,3.5876790960755016e-05
MA20,3.756827637098857e-05
Prev Close Price,0.00011744834578207046
MA5,0.0005042330641025734
Open Price,0.00435544308808161
Low Price,0.0378990375915835
High Price,0.15574813720118383
Close Price,0.5028614776927324
