feature,mean_importance
Open Price,-0.00016402746273591617
Low Price,-0.0001605166171474437
High Price,-0.00010827309349730197
MA20,-5.985004980697539e-05
Dividend,1.7156352779323925e-05
Close Price,3.6759569302446946e-05
MA5,0.0001118135645958418
MA10,0.00018276712575564512
Prev Close Price,0.0003048674509024352
Volume,0.0003240154793443306
Prev Volume,0.0004198028197025305
