feature,mean_importance
Low Price,-0.0004159773301745329
MA5,-0.00027063129122859573
Volume,-0.00020326088201578775
Open Price,-0.00011154477475632252
Dividend,-5.182714703622082e-05
Close Price,6.64431121121467e-05
MA10,7.054164580930778e-05
High Price,0.00012534152026018043
Prev Volume,0.0002571052627100556
Prev Close Price,0.00031995965972750893
MA20,0.000478658561417511
