feature,mean_importance
Dividend,0.0
Prev Volume,1.0942739966178419e-05
MA20,3.261770726254616e-05
Volume,3.862262459791406e-05
MA10,0.00016174333008416942
Prev Close Price,0.00016865982074618845
MA5,0.0003839697973594707
Open Price,0.03743954702903769
High Price,0.08085019952280462
Low Price,0.11065826097774722
Close Price,0.40882988518612395
