feature,mean_importance
Prev Volume,-0.0003264827700949491
Dividend,0.0
MA20,0.0002175821487119034
MA10,0.0006108549683908171
Volume,0.0006507775007895012
Prev Close Price,0.0007551040398640297
Close Price,0.0008081860319349987
High Price,0.0008340012323036827
Low Price,0.0008497545006352691
MA5,0.001106071518056817
Open Price,0.0014417080722142206
