feature,mean_importance
MA20,-0.00016427856200995627
Volume,-9.468660856355448e-05
Low Price,-8.553843106642311e-05
Close Price,-8.098403254823694e-05
High Price,0.0
Dividend,0.0
MA5,0.0
MA10,0.0
Prev Close Price,0.0
Prev Volume,0.0
Open Price,0.0001575464045913577
