feature,mean_importance
Low Price,-0.0003752539449288772
Open Price,-8.251654618678384e-05
High Price,0.0
Dividend,0.0
MA5,0.0
MA10,0.0
Prev Close Price,0.0
Prev Volume,0.0
Volume,0.0001123024528171479
MA20,0.00018526052923202309
Close Price,0.0005058031492515491
