feature,mean_importance
MA20,-0.0005142383392968686
Open Price,-6.768545947792859e-05
Volume,-8.053250337280992e-06
High Price,0.0
Dividend,0.0
MA5,0.0
MA10,0.0
Prev Close Price,0.0
Prev Volume,0.0
Low Price,1.0092422283003444e-06
Close Price,0.0002581507304973751
