feature,weight
intercept,0.07697416826925584
Open Price,0.045246277661419476
High Price,-0.0004074937637564087
Low Price,0.08042400366461858
Close Price,-0.015682731844868028
Volume,0.08961091061279725
Dividend,-0.2840754474072495
MA5,-0.001864889875648922
MA10,-0.04635982779323937
MA20,-0.16125120261590098
Prev Close Price,0.1112247215578413
Prev Volume,-0.1118981593342731
