feature,mean_importance
Open Price,-1.6558217051931834e-05
Low Price,-8.707862233303664e-06
MA10,-6.181561394469348e-06
High Price,0.0
Volume,0.0
Dividend,0.0
MA5,0.0
MA20,0.0
Prev Close Price,0.0
Prev Volume,0.0
Close Price,9.59195717964434e-08
