feature,mean_importance
Prev Volume,-1.3089721826049435e-06
Dividend,-3.4694469519536144e-19
Volume,1.2622852266539006e-05
MA10,4.118415831938149e-05
MA20,4.5504464083798155e-05
MA5,0.00018036785676144498
Prev Close Price,0.000454799321920847
Open Price,0.002009904355162654
Low Price,0.025614461109787472
High Price,0.05036622697278056
Close Price,0.9595980844436097
