feature,mean_importance
Dividend,0.0
Volume,5.4943981513743984e-05
MA10,0.00014813367730543217
Prev Volume,0.0002156233811609446
MA20,0.00042699647090128575
Prev Close Price,0.001495895345908254
MA5,0.0032344229455824646
Open Price,0.03324515131565747
Low Price,0.043084047781480395
High Price,0.11172059841403625
Close Price,0.30154386810164
