feature,mean_importance
Volume,-0.008391315870018757
Close Price,-0.004764589096937955
Prev Close Price,-0.0037333892550544647
Prev Volume,-0.003728813279450871
