feature,mean_importance
Prev Volume,-0.0004052198013724695
Volume,-0.0003470895350731862
Prev Close Price,-0.00023110539398274454
Close Price,0.0004157059487208237
