feature,mean_importance
Prev Volume,-5.838318325699365e-05
Prev Close Price,3.2905597010302046e-05
Close Price,6.221742610119651e-05
Volume,0.00018305470409465396
