feature,mean_importance
Volume,-9.05501648770457e-05
Prev Volume,-7.430995754484915e-05
Prev Close Price,-5.092899189091948e-05
Close Price,-9.112006022071739e-06
