feature,weight
intercept,0.0005133480814219195
Open Price,-1.640249711599819
High Price,-0.17685882748870962
Low Price,2.3746260966716504
Close Price,0.3739702074720159
Volume,0.17698376954665035
Dividend,-0.06450666292886312
MA5,-0.33512611522168556
MA10,0.2566432543028777
MA20,-0.26183906694905795
Prev Close Price,0.22025637566700426
Prev Volume,0.18316359692808445
