feature,weight
intercept,0.00018936852399966417
Open Price,-2.732853052872612
High Price,0.9887804287874336
Low Price,3.2419840043943737
Close Price,-0.637104496216415
Volume,0.1890404341786899
Dividend,-0.03143847107920292
MA5,-0.3396388515518777
MA10,0.31461275269041966
MA20,-0.30068677326795135
Prev Close Price,0.2690886595654062
Prev Volume,0.17049705596070597
