feature,weight
intercept,0.0001849296996591807
Open Price,-1.6916978818307356
High Price,0.48910911547372793
Low Price,2.5709113099599685
Close Price,-0.492095482458427
Volume,0.19565874816296577
Dividend,-0.025093576245610188
MA5,-0.357502043393274
MA10,0.3316071487080074
MA20,-0.2794814315125729
Prev Close Price,0.2394861793641394
Prev Volume,0.16595658473972258
