feature,weight
intercept,0.000494759997990424
Open Price,-2.896227204829189
High Price,0.8479638502945421
Low Price,3.6105477259420713
Close Price,-0.8250200773761132
Volume,0.18685857514139653
Dividend,-0.07076074801647696
MA5,-0.2794237065839138
MA10,0.1301875575653047
MA20,-0.2172688126328588
Prev Close Price,0.43528541238289337
Prev Volume,0.17065773329485148
