feature,mean_importance
Open Price_diff_Low Price,-0.0019990061753913935
Volume,0.0028431188081544877
Prev Close Price,0.0037860522055607193
Open Price_diff_Close Price,0.004798848744654504
Close Price,0.009359269316031904
Low Price_diff_Close Price,0.010316736924398962
Prev Volume,0.018200481736953343
