feature,mean_importance
Close Price,0.000358938202521375
Volume,0.0007735580764805184
Open Price_diff_Close Price,0.0028067114921075166
Open Price_diff_Low Price,0.002940743115802258
Prev Close Price,0.004209370373521382
Prev Volume,0.004778621984910858
Low Price_diff_Close Price,0.007389682315051172
