feature,mean_importance
Prev Close Price,-0.00022566897196738545
Open Price_diff_Close Price,0.00015554593178519484
Volume,0.00028096534469581604
Open Price_diff_Low Price,0.00036980338590968386
Close Price,0.0006284231741210622
Prev Volume,0.0022416360097194943
Low Price_diff_Close Price,0.006883000119214566
