feature,mean_importance
Close Price,0.0011426548073210975
Open Price_diff_Close Price,0.0015492039298627748
Open Price_diff_Low Price,0.001593771500772867
Volume,0.001997713172999882
Prev Close Price,0.0021760535555940042
Low Price_diff_Close Price,0.00593212099303253
Prev Volume,0.008140965789961508
