feature,mean_importance
Open Price_diff_Low Price,0.00042331953367942267
Close Price,0.0005289500169525674
Volume,0.0011315461683868433
Prev Close Price,0.0018291186242442637
Open Price_diff_Close Price,0.0026695661430276687
Prev Volume,0.005746310706775138
Low Price_diff_Close Price,0.007502312438305592
