feature,mean_importance
Volume,0.010970070136359786
MA10,0.11021255726580934
MA20,0.1459947648227536
Close Price,0.14613561677225384
Open Price,0.18543300097838786
High Price,0.18902023314818772
Prev Close Price,0.21371980673816374
Low Price,0.2764649408304547
MA5,0.3545699448925827
