feature,mean_importance
Volume,0.0013405503737364457
Prev Close Price,0.020068726230222014
Open Price,0.03844886728462524
MA10,0.054633256962868706
MA20,0.05570102279245821
MA5,0.08528090718009933
Low Price,0.18986723981168738
Close Price,0.22186843133830741
High Price,0.25775633723072156
