feature,mean_importance
Dividend,0.0
Open Price,3.0081160754824588e-05
MA5,0.0002681746969956489
MA10,0.000368655612698876
Prev Close Price,0.0004423469758185972
Volume,0.00044635935953361015
Close Price,0.0005443439903215719
High Price,0.001217743283244932
MA20,0.001360537653970817
Prev Volume,0.0015354176330703462
Low Price,0.005166462442840647
