feature,mean_importance
Dividend,0.000385270529068598
Prev Volume,0.004703377049304961
Volume,0.006475666166235411
MA5,0.07812176042111373
MA10,0.16441568923758243
Open Price,0.2133137848041045
Prev Close Price,0.2133832001208546
MA20,0.213721554681499
Close Price,0.2201015458735923
High Price,0.279705516534506
Low Price,0.36320348540517416
