feature,mean_importance
Dividend,7.48577906310912e-06
Volume,0.00031708373246897465
Prev Volume,0.0004569141634588091
MA10,0.020031816370664677
MA20,0.02182930872372233
Prev Close Price,0.029393599399845892
MA5,0.04741759932466232
Open Price,0.08470943267821744
High Price,0.09274471127010109
Close Price,0.12677159291347445
Low Price,0.18585901023954615
