feature,mean_importance
Close Price,-0.0004089638499471526
MA10,-0.0002966878381906346
Dividend,0.0
Prev Close Price,0.00010505962155380467
MA5,0.00013349527506376636
Low Price,0.00024098021195635423
Open Price,0.0008095765592864845
High Price,0.0009266964552695267
Prev Volume,0.002399276473693468
MA20,0.0028641687700517336
Volume,0.003036626914977658
