feature,mean_importance
Volume,-0.0008780179990872883
Prev Close Price,0.0003314080844150524
Close Price,0.0011558516163576726
Prev Volume,0.0015800605070722229
