feature,mean_importance
Close Price,-5.213068135079268e-06
Prev Close Price,4.875767021788047e-05
Volume,0.00014706337466543484
Prev Volume,0.00021886438892764203
