feature,mean_importance
Volume,-0.0009171129008784584
Prev Close Price,-0.00014402036608371916
Close Price,0.0002842602852776821
Prev Volume,0.0013950964688520973
