feature,mean_importance
Volume,-0.0002019854946462729
Prev Close Price,-0.00010622919475411496
Close Price,-8.353130184155511e-05
Prev Volume,0.0010492369201154927
