feature,mean_importance
Volume,-0.0002946377260321986
Close Price,-5.4201931775432756e-05
Prev Volume,2.8615078553739793e-05
Prev Close Price,6.473352119678033e-05
