feature,mean_importance
Prev Close Price,0.0006538365078500475
Volume,0.002236649703154581
Close Price,0.00342506909987188
Prev Volume,0.003593941087914687
