feature,mean_importance
Prev Close Price,0.0004352443276455231
Volume,0.0004511034392988833
Prev Volume,0.0012420554994830857
Close Price,0.002727073668162272
