feature,mean_importance
Volume,0.004784515681508927
Prev Close Price,0.010384579466659138
Close Price,0.02172440390075352
Prev Volume,0.025719104761167212
