feature,mean_importance
Close Price,0.0004460516431938233
Volume,0.0006822941857923092
Prev Close Price,0.0014180299076214542
Prev Volume,0.0017259204371453452
