feature,mean_importance
Volume,0.0019470032263507297
Prev Volume,0.0021407563173586166
Prev Close Price,0.0029372023682493697
Close Price,0.0037065489713581147
