feature,mean_importance
Prev Close Price,-7.25112068305167e-05
Volume,4.984615483041299e-05
Prev Volume,0.0006311429028443393
Close Price,0.0011081780296064326
