feature,mean_importance
Volume,0.00016020796627231882
Prev Volume,0.001112663837169192
Prev Close Price,0.0011345187400943813
Close Price,0.001478768513508677
