feature,mean_importance
Volume,0.0013250623681862362
Close Price,0.003532513641315238
Prev Close Price,0.0037497422097853674
Prev Volume,0.005823295023305275
