feature,mean_importance
Volume,-0.00045436357952959304
Prev Volume,0.00022655812111862516
Prev Close Price,0.0003123143721643684
Close Price,0.001401255008306812
