feature,mean_importance
Prev Close Price,0.00037912625132849873
Volume,0.0007081686234425178
Prev Volume,0.0027226635882254824
Close Price,0.0029789806209543413
