feature,mean_importance
Dividend,1.9347567278294938e-06
Prev Volume,0.001146836831802315
Volume,0.012170721356024252
MA10,0.013932909596175094
Open Price,0.07490788860201637
Low Price,0.08491976400311756
High Price,0.08606862215837202
MA20,0.1072627706766964
Close Price,0.1289251959247656
MA5,0.19194048163282168
Prev Close Price,0.22757557670194908
