feature,mean_importance
Volume,0.0021299501545880783
Prev Volume,0.0023971695622923895
Prev Close Price,0.002789294297107836
Close Price,0.00553156136051689
