feature,mean_importance
Prev Close Price,0.0013095672607665644
Volume,0.0017098697894478044
Close Price,0.003415581390494582
Prev Volume,0.003551769382519998
