feature,mean_importance
Prev Volume,9.274743646732197e-05
Volume,0.0002807256154586435
Prev Close Price,0.0018421343444692483
Close Price,0.0018487531888094378
