feature,mean_importance
Prev Close Price,-0.00019124691773637626
Prev Volume,6.704315563468288e-05
Volume,0.0020041235474118845
Close Price,0.002944148587870399
