feature,mean_importance
Volume,-0.0010681967700216788
Prev Close Price,-0.0004159619949671622
Prev Volume,0.0004352768504900295
Close Price,0.0008240809567461981
