feature,mean_importance
Close Price,-0.00036346863527532137
Volume,0.0006877123270741192
Open Price_diff_Low Price,0.0007384854641828475
Prev Close Price,0.002840073777972507
Open Price_diff_Close Price,0.002866002173038451
Prev Volume,0.003730345775452193
Low Price_diff_Close Price,0.003775616357685152
