feature,mean_importance
Open Price_diff_Low Price,0.0002774561745017001
Close Price,0.0005383132926748857
Prev Close Price,0.0007074464195141239
Open Price_diff_Close Price,0.0007851924409942423
Volume,0.0016901368410297656
Prev Volume,0.0037885195500987345
Low Price_diff_Close Price,0.0065810854118868445
