feature,mean_importance
Open Price_diff_Low Price,0.0002926516698420034
Close Price,0.0005944906553053686
Volume,0.0010219439849241008
Open Price_diff_Close Price,0.0011295297286235463
Prev Close Price,0.0023116971445474644
Prev Volume,0.0037108413064306676
Low Price_diff_Close Price,0.0069950475000046365
