feature,mean_importance
MA5,0.002705736789717861
Prev Volume,0.00594688644635708
MA20,0.010772960822783428
Low Price,0.012821132486920383
