feature,mean_importance
MA20,0.0006972149253206439
Prev Volume,0.0012650105985023252
Low Price,0.0015924864336858801
MA5,0.00252270931248888
