feature,mean_importance
Prev Volume,0.00028146481240498566
Close Price,0.0003243598502021161
Volume,0.0004514067491442342
Prev Close Price,0.0007237140738607817
