feature,mean_importance
Close Price,0.00020517648578579628
Volume,0.000495018646041534
Prev Volume,0.0012677474421179502
Prev Close Price,0.0013382175106116724
