feature,mean_importance
Close Price,-1.729222795114893e-05
Volume,9.596363736830149e-05
Prev Close Price,0.0001146905455448044
Prev Volume,0.0003229419398234512
