feature,mean_importance
Close Price,3.273581893432631e-05
Prev Volume,0.00011619618145359833
Prev Close Price,0.00012164354183232806
Volume,0.000605923306502354
