feature,mean_importance
Volume,-0.0006586406072124129
Prev Volume,-4.4454560476303584e-05
Close Price,0.00011656054778641511
Prev Close Price,0.0002477571568376913
