feature,mean_importance
Close Price,0.00031772740532340913
Open Price_diff_Low Price,0.0015654090051186564
Prev Close Price,0.001964078806800762
Open Price_diff_Close Price,0.0026924942158896626
Volume,0.004894928398835652
Prev Volume,0.006956838813680611
Low Price_diff_Close Price,0.00826391687797139
