feature,mean_importance
Volume,0.003359505397549101
Prev Close Price,0.00700546570299343
Close Price,0.012222900684503935
Prev Volume,0.016811095326611625
