feature,mean_importance
Prev Close Price,0.0017142165294833146
Volume,0.0027758489619134517
Close Price,0.0037006531997935575
Prev Volume,0.00409256573022343
