feature,mean_importance
Volume,0.0004605241409428862
Prev Close Price,0.0007817901126575322
Prev Volume,0.0008888892817197069
Close Price,0.0018205610468078116
