feature,mean_importance
Volume,-6.998833186602215e-05
Prev Close Price,0.00010579295635766428
Close Price,0.000979022550937625
Prev Volume,0.001048761293212719
