feature,mean_importance
Close Price,0.000247722577888676
Volume,0.00033848377894722946
Prev Close Price,0.0006127578886369056
Prev Volume,0.0022458733057125757
