feature,mean_importance
Prev Close Price,-0.0001715678100940865
Volume,-9.951653116182512e-05
Close Price,0.0004979248527304137
Prev Volume,0.0007151447515687303
