feature,mean_importance
Volume,0.00034196949598268577
Close Price,0.00038152517019938157
Prev Close Price,0.0008291683838833608
Prev Volume,0.0016678569753520334
