feature,mean_importance
Volume,0.00029872411851938896
Prev Close Price,0.00043365821814389527
Prev Volume,0.0006536423300037564
Close Price,0.0015392139898987357
