feature,mean_importance
Volume,0.0004983378389681548
Prev Close Price,0.003546907053698778
Close Price,0.012143425327862212
Prev Volume,0.012778323404491653
