feature,mean_importance
Volume,0.0025986872898313028
Prev Volume,0.0029367635297302907
Prev Close Price,0.003428977059334826
Close Price,0.004959854412001907
