feature,mean_importance
MA20,-0.00014506509050102868
MA10,-9.054572877651435e-05
Prev Volume,-8.04385761361992e-05
Open Price,0.0
High Price,0.0
Low Price,0.0
Dividend,0.0
MA5,0.0
Prev Close Price,0.0
Close Price,8.256029151709753e-06
Volume,5.9457803649998196e-05
