feature,mean_importance
Dividend,0.0003606272515823371
Volume,0.0035437440083234315
Prev Volume,0.015815495871620303
MA10,0.037092321202330816
MA20,0.04523892633589839
Close Price,0.09157804372841007
MA5,0.14662579922299124
High Price,0.1760396568818406
Open Price,0.17660921144276875
Low Price,0.18853230415579758
Prev Close Price,0.20133162035257493
