feature,mean_importance
Dividend,-0.0004093946738040062
Prev Volume,0.00019783511425756437
Volume,0.000838848167183244
MA20,0.009547514377753594
MA10,0.027547051332419515
Prev Close Price,0.04635507452405567
MA5,0.06054219010024499
Close Price,0.08910364175391813
High Price,0.09419609536052218
Open Price,0.09944005373658618
Low Price,0.10444300661783082
