feature,mean_importance
Dividend,-1.918610343689363e-06
Volume,0.00010203437602544496
Prev Volume,0.0008292598253809896
MA20,0.019049645540092246
MA10,0.06994312440027334
Low Price,0.07650131379238398
High Price,0.08354293477752155
Prev Close Price,0.09576014605827018
Close Price,0.10438099736969415
MA5,0.11077136297197528
Open Price,0.12076207189366395
