feature,mean_importance
Dividend,8.96823589375431e-05
Prev Volume,0.0019530618308543593
Volume,0.003843494070430374
MA10,0.036149660982549056
MA20,0.0800512715703236
Open Price,0.08409736174924631
Low Price,0.0893675629944976
High Price,0.09641278294832864
MA5,0.10167843993762064
Prev Close Price,0.10668483723803482
Close Price,0.11224436159973875
