feature,mean_importance
Dividend,0.0
Volume,2.8493185356419022e-05
Prev Volume,0.0001528943118628799
MA20,0.0004945768403771405
Prev Close Price,0.000995727627181108
MA5,0.0011505736893042088
MA10,0.005022137285880505
Low Price,0.0543622278500477
Open Price,0.05961902389150264
High Price,0.06352898031856884
Close Price,0.3742076438188819
