feature,mean_importance
MA20,8.536878163678541e-05
MA5,0.00020541068103721027
Prev Volume,0.00052790937215903
Low Price,0.0008867090318020576
