feature,mean_importance
MA20,-0.000530110955039631
Low Price,0.0006058796861095894
Prev Volume,0.0009746346335678835
MA5,0.0010346306600201639
