feature,mean_importance
Low Price,-0.0007144446358950285
MA5,-0.0006323124890887488
Prev Volume,-0.00032372439185279767
MA20,-0.00018857406352490447
