feature,mean_importance
MA5,0.0012378747114470735
MA20,0.0037320103724696406
Prev Volume,0.004960556425825912
Low Price,0.006701855045278027
