feature,mean_importance
Prev Volume,0.0100198751786857
MA20,0.012657330798530996
Low Price,0.013602994319996786
MA5,0.02435386678330622
