feature,mean_importance
Volume,0.0003828204033808014
Close Price,0.0008324172296479526
Prev Close Price,0.00198468634359672
Prev Volume,0.0027798267203342775
