feature,mean_importance
Prev Close Price,-0.00022950893865947286
Volume,-0.00014273294738111896
Close Price,0.000806380966171294
Prev Volume,0.0011204584208686086
