feature,mean_importance
Volume,-0.00011213976790891422
Prev Close Price,0.0003266076240137306
Prev Volume,0.0014619008578787395
Close Price,0.0034090623712479838
