feature,mean_importance
Volume,0.00841321767130201
Prev Close Price,0.013219091607694989
Prev Volume,0.02631269013377695
Close Price,0.02695646571024226
