feature,mean_importance
Volume,0.0026975775929740874
Prev Close Price,0.0038830016240017475
Prev Volume,0.004486131534234916
Close Price,0.004552013811974742
