feature,mean_importance
MA5,0.0003946860953558229
Low Price,0.0007725457014299497
Prev Volume,0.001110139646883912
MA20,0.001375956447221305
