feature,mean_importance
Prev Volume,0.0010711027160867248
Low Price,0.0011908667259024953
MA5,0.0017778058380524043
MA20,0.0025345274985527633
