feature,mean_importance
Low Price,0.0008564108509964807
MA20,0.0009989430653248865
Prev Volume,0.0029103649089080585
MA5,0.0034466670273922695
