feature,mean_importance
MA20,5.048663137889875e-05
Low Price,0.00014582658666086878
Prev Volume,0.0003621682780618141
MA5,0.0013552642800840787
