feature,mean_importance
Prev Volume,-4.4348032997132414e-05
Low Price,0.0009750267190927975
MA20,0.0010228237917762283
MA5,0.003282869287845336
