feature,mean_importance
Dividend,-8.712458013372992e-05
Prev Volume,6.729989847568206e-05
Volume,0.0005716076893097679
Prev Close Price,0.007468881600558341
MA10,0.011012047124671551
MA20,0.011998307007704781
MA5,0.04576703142137793
Low Price,0.05774037005496076
Open Price,0.11898590472434536
High Price,0.1912644435027137
Close Price,0.20525055287759297
