feature,mean_importance
Dividend,4.9498272688523056e-06
Prev Volume,0.00010683620281496196
Volume,0.0007989160348240681
MA20,0.009053269603845072
MA5,0.0222374685814105
MA10,0.05380493093513126
Prev Close Price,0.054879367814137325
High Price,0.08454148520087709
Open Price,0.1332930631095313
Low Price,0.14388769340826574
Close Price,0.21219234717172442
