feature,mean_importance
random_feature,-1.517302848050555e-06
Dividend,-3.4694469519536144e-19
Prev Volume,4.316721697125193e-06
Volume,1.6435644904642944e-05
MA20,4.477085671548541e-05
MA10,0.00014460366785204625
Prev Close Price,0.0002649899886376559
MA5,0.0002780742466288977
Open Price,0.0007924157049014911
Low Price,0.016078008086460746
High Price,0.024002817183836185
Close Price,1.2288482144757373
