feature,mean_importance
Volume,0.0
Dividend,0.0
MA10,0.0
Prev Volume,0.0
Prev Close Price,1.6054621693270543e-05
Open Price,9.989755254554665e-05
MA20,0.00048649099578360175
MA5,0.0013945459417420685
Low Price,0.0227904505043989
Close Price,0.3321784748264293
High Price,0.7404888683570998
