feature,weight
intercept,0.011740798519501555
Open Price,0.010773746565808377
High Price,0.001636717181363114
Low Price,0.006803234593905049
Close Price,-0.011190794157967126
Volume,0.019345031007889507
Dividend,-0.0008523876795330837
MA5,0.009278882936649557
MA10,0.00530451277849183
MA20,-0.002971752912318254
Prev Close Price,0.008027773669749954
Prev Volume,-0.0800609724777178
