feature,mean_importance
Open Price,-0.0002229144539132033
MA5,-0.00019682546725567905
Prev Close Price,-0.00017246636348224875
Low Price,-0.00014850167910447355
MA10,-0.00011336080351826982
Volume,-9.294537343247366e-05
High Price,-3.7289942162166414e-05
Dividend,8.754046968650897e-07
MA20,6.889216279244436e-05
Close Price,0.0002953242251074073
Prev Volume,0.001170941507045442
