feature,weight
intercept,0.011467905562535182
Open Price,-0.0003738479928786058
High Price,-0.0021853366137859495
Low Price,-0.004844261736284473
Close Price,-0.01523222187268886
Volume,-0.022489929435830617
Dividend,-0.006388207777985677
MA5,-0.003985430983487127
MA10,-0.0003064564580398427
MA20,-0.0031592625615670424
Prev Close Price,-0.00414611306346192
Prev Volume,-0.10637320960991781
