feature,mean_importance
MA5,-0.003035631508748038
High Price,0.0
Low Price,0.0
Close Price,0.0
Dividend,0.0
MA10,0.0
MA20,0.0
Volume,0.0002301470057478383
Prev Close Price,0.00023867008064835105
Open Price,0.004520276797553802
Prev Volume,0.007986902459826828
