feature,mean_importance
Dividend,0.0
Low Price,9.642485522944887e-05
MA5,0.00024495925642495917
MA10,0.00027082091241503736
Prev Close Price,0.0013373348630172587
High Price,0.0014927685141028712
Open Price,0.002767589780498758
MA20,0.0030457663444944496
Close Price,0.0036840129559523984
Volume,0.0037357803381482314
Prev Volume,0.0045655721258311965
