feature,mean_importance
Volume,-8.333782584017957e-05
Prev Close Price,0.0001376766234270521
Close Price,0.0016710958727687909
Prev Volume,0.001697350862625946
