feature,mean_importance
Volume,0.0038691400415427958
Prev Close Price,0.009327463140275726
Close Price,0.014799795551005279
Prev Volume,0.01802761628297602
