feature,mean_importance
Close Price,0.00035395729526148666
Volume,0.0005690995949261702
Prev Close Price,0.0007574445408238927
Prev Volume,0.0022376163656970594
