feature,mean_importance
Volume,8.779700444629945e-05
Prev Volume,0.0006022730011340238
Prev Close Price,0.0010212911382945888
Close Price,0.0015014696817927443
