feature,mean_importance
Prev Close Price,0.0024176745384296263
Close Price,0.0034442850157832884
Volume,0.004536761207204587
Prev Volume,0.006503403282358722
