feature,mean_importance
Volume,0.0008793841092917809
Close Price,0.001504881350914089
Prev Close Price,0.002206163026413721
Prev Volume,0.0023660167588227974
