feature,mean_importance
Volume,-0.00014822135840519834
Close Price,0.0005261571430809963
Prev Volume,0.001310630475977348
Prev Close Price,0.003581906706639515
