feature,mean_importance
Close Price,-0.0008489627406582878
Prev Close Price,0.0005952745703049934
Volume,0.0029886119617140274
Prev Volume,0.021853078267900283
