feature,mean_importance
Prev Close Price,-0.00043503573890386616
Prev Volume,0.000635793354431402
Close Price,0.0007986921227275845
Volume,0.0013607494569040312
