feature,mean_importance
Close Price,-0.000406357897174181
Prev Close Price,4.1564343687450214e-05
Volume,0.004730911905743085
Prev Volume,0.037098806017148364
