feature,weight
intercept,-0.00021767462987243145
Open Price,-0.8925075621485795
High Price,3.7741989256116306
Low Price,-1.922962464362388
Close Price,-0.09848882765810685
Volume,-0.10783465719205565
Dividend,0.0627498015753543
MA5,0.2532950592518938
MA10,-0.2667686754213976
MA20,0.08437056111198626
Prev Close Price,-0.09429699942659964
Prev Volume,-0.08848924732398966
