feature,mean_importance
MA20,-0.000174460575466151
Prev Close Price,-0.00015971314858103102
Low Price,-0.00015764010388268356
Open Price,-0.00014634665293111748
Volume,-0.00013104316633916202
High Price,-0.0001264645677124143
MA5,-0.00011785783803797134
Close Price,-0.00010214702992619173
MA10,-9.39263386695366e-05
Dividend,1.2957166904947748e-05
Prev Volume,7.335027303358998e-05
