feature,mean_importance
Prev Volume,-0.0006432803926289754
Volume,-0.00036422823446802255
Dividend,-2.2252841507475197e-06
Prev Close Price,2.9164104301315773e-06
MA20,3.127393844513104e-05
MA5,3.2788249861526175e-05
Low Price,4.0977778049700043e-05
MA10,5.2156064707187254e-05
Open Price,6.047541169535986e-05
Close Price,7.225143640927633e-05
High Price,9.011314044959917e-05
