feature,mean_importance
Volume,1.6178183668562676e-05
MA10,0.00011198250001062415
MA20,0.00016190504535800108
MA5,0.001293618185529883
Prev Close Price,0.006881282559239368
Open Price,0.026859508412336697
High Price,0.12847530586562259
Close Price,0.1668749458256348
Low Price,0.17943223030266492
