feature,mean_importance
Dividend,0.0
Volume,0.00018810317912258405
Prev Volume,0.00028426342003282155
MA10,0.0003318820759291826
MA20,0.0010502661485982086
Prev Close Price,0.001429370190137108
MA5,0.0026950401234677873
Open Price,0.034900885686879476
Low Price,0.03850368431155005
High Price,0.17350072715780052
Close Price,0.29256718533545933
