feature,mean_importance
Volume,0.005044644897640084
MA10,0.0399268710928353
Close Price,0.048737674874115136
MA20,0.049402819052841676
Low Price,0.08547669824826436
MA5,0.08799140159121041
Open Price,0.14882252506744434
High Price,0.2360446824395767
Prev Close Price,0.3199824498519621
