feature,mean_importance
Volume,-0.0006888957062190393
MA20,-4.4959914126252444e-05
Open Price,0.0
High Price,0.0
Dividend,0.0
MA10,0.0
Prev Close Price,0.0
Close Price,0.0013862478458654738
Low Price,0.0028049805631927384
Prev Volume,0.0028737099842699233
MA5,0.002960442442513145
