feature,mean_importance
Low Price,0.0014741668630643633
MA5,0.002208252023700408
MA20,0.0022424281242878763
Prev Volume,0.0036484516128433954
