feature,mean_importance
Prev Volume,8.035509437547273e-05
Low Price,0.0008308555187121591
MA5,0.0019022077528953797
MA20,0.0021635179959974106
