feature,mean_importance
Prev Volume,0.0005002111784584873
MA20,0.0011934978502545547
MA5,0.002418732440584459
Low Price,0.002970119943051852
