feature,mean_importance
Prev Close Price,-0.00040590312574730893
Open Price,-0.0003461537026213879
MA10,-0.00029966361068791694
Close Price,-0.0002953364834984429
MA5,-0.0002646018112163695
MA20,-0.00023293615018735725
Low Price,-0.0001655458115308095
High Price,-0.0001463607792167476
Dividend,-8.449443191116401e-06
Volume,4.240441816731888e-05
Prev Volume,0.0004302527752243268
