feature,mean_importance
MA20,-0.00040738851368604667
Dividend,0.0
MA10,0.00019588101190137763
Low Price,0.0002677268052449611
Close Price,0.00032286994748507156
High Price,0.00032342563332492523
MA5,0.0003733930685504205
Prev Close Price,0.0011981949523626855
Open Price,0.0015525383648211434
Volume,0.0017096484855965376
Prev Volume,0.0017716012560161198
