feature,mean_importance
Low Price,-0.00015385430219090336
MA20,-0.00011654985188331856
Close Price,-8.012193146633706e-06
High Price,0.0
Dividend,0.0
MA5,0.0
MA10,0.0
Prev Close Price,0.0
Prev Volume,0.0
Volume,0.0005082706441190687
Open Price,0.0006977545010777408
